{
  "resnet50_821": 5374.23291015625,
  "resnet50_1121": 2981.031982421875,
  "resnet50_1895": 967.6421508789062,
  "resnet50_38": 870.6217041015625,
  "resnet50_1457": 762.765380859375,
  "vit_b_16_319": 639.0935668945312,
  "resnet50_49": 600.8984985351562,
  "efficientnet_b0_1045": 496.8548583984375,
  "efficientnet_b0_523": 443.8182678222656,
  "resnet50_2034": 348.6064453125,
  "resnet50_491": 345.2190246582031,
  "efficientnet_b0_936": 343.1919250488281,
  "resnet50_1148": 334.2630615234375,
  "niqe": 285.6482849121094,
  "resnet50_261": 285.3179626464844,
  "resnet50_647": 280.5432434082031,
  "vit_b_16_4": 262.8208312988281,
  "vit_b_16_393": 247.60568237304688,
  "resnet50_762": 227.9237060546875,
  "efficientnet_b0_6": 202.9656982421875,
  "efficientnet_b0_1273": 186.54637145996094,
  "vit_b_16_678": 183.6089630126953,
  "resnet50_1316": 183.38565063476562,
  "efficientnet_b0_1025": 180.2078399658203,
  "efficientnet_b0_518": 171.17544555664062,
  "resnet50_808": 171.02381896972656,
  "vit_b_16_259": 159.88104248046875,
  "resnet50_679": 157.41897583007812,
  "resnet50_1983": 148.1254425048828,
  "resnet50_1408": 148.05422973632812,
  "efficientnet_b0_11": 143.99107360839844,
  "efficientnet_b0_41": 139.69949340820312,
  "efficientnet_b0_117": 131.48297119140625,
  "efficientnet_b0_1152": 130.80386352539062,
  "resnet50_1598": 124.42855834960938,
  "resnet50_896": 121.39297485351562,
  "resnet50_1657": 115.9036636352539,
  "resnet50_784": 111.44464874267578,
  "resnet50_1781": 105.16537475585938,
  "resnet50_1194": 104.28150939941406,
  "efficientnet_b0_238": 99.95269012451172,
  "resnet50_1629": 99.71039581298828,
  "resnet50_347": 97.64214324951172,
  "resnet50_945": 94.46881103515625,
  "resnet50_173": 92.90129852294922,
  "resnet50_257": 92.87203979492188,
  "efficientnet_b0_337": 90.60855102539062,
  "resnet50_572": 89.72856903076172,
  "vit_b_16_470": 85.65791320800781,
  "efficientnet_b0_207": 82.04080963134766,
  "efficientnet_b0_1077": 81.60780334472656,
  "resnet50_792": 81.3548355102539,
  "resnet50_637": 78.04876708984375,
  "resnet50_53": 78.02959442138672,
  "resnet50_1746": 73.47640228271484,
  "resnet50_1025": 72.6070327758789,
  "resnet50_1577": 71.37950897216797,
  "resnet50_1098": 71.24127197265625,
  "vit_b_16_201": 70.82342529296875,
  "efficientnet_b0_398": 70.7098617553711,
  "resnet50_456": 69.19329833984375,
  "resnet50_2040": 65.77637481689453,
  "efficientnet_b0_649": 65.5683364868164,
  "resnet50_1672": 65.49491882324219,
  "resnet50_387": 65.46630859375,
  "efficientnet_b0_59": 65.30224609375,
  "efficientnet_b0_202": 65.28572845458984,
  "efficientnet_b0_762": 65.18037414550781,
  "resnet50_729": 64.60118103027344,
  "resnet50_2027": 63.21650695800781,
  "resnet50_310": 62.45759582519531,
  "resnet50_1682": 61.426124572753906,
  "efficientnet_b0_556": 59.72531509399414,
  "efficientnet_b0_808": 59.37360763549805,
  "resnet50_1281": 58.87617874145508,
  "efficientnet_b0_470": 57.72027587890625,
  "vit_b_16_129": 57.69718551635742,
  "resnet50_1333": 57.677616119384766,
  "resnet50_1304": 57.576839447021484,
  "efficientnet_b0_841": 57.16905975341797,
  "resnet50_1431": 56.91975021362305,
  "resnet50_528": 56.90951919555664,
  "resnet50_1416": 54.829010009765625,
  "efficientnet_b0_313": 54.41117858886719,
  "vit_b_16_128": 53.773658752441406,
  "efficientnet_b0_891": 53.57341384887695,
  "efficientnet_b0_203": 53.352760314941406,
  "resnet50_352": 52.77133560180664,
  "resnet50_450": 52.71306228637695,
  "vit_b_16_561": 52.13674545288086,
  "resnet50_1915": 49.78024673461914,
  "resnet50_534": 48.958953857421875,
  "resnet50_1991": 48.845787048339844,
  "resnet50_1139": 48.3822021484375,
  "resnet50_790": 48.11891174316406,
  "resnet50_446": 48.11857986450195,
  "resnet50_990": 47.36463165283203,
  "resnet50_2012": 47.17967987060547,
  "resnet50_1574": 46.781883239746094,
  "resnet50_776": 46.75146484375
}