{
  "multi_seed": {
    "accuracy_mean": 0.9132070022101667,
    "accuracy_std": 0.0007475299459927174,
    "balanced_accuracy_mean": 0.9048314523365392,
    "balanced_accuracy_std": 0.0007257557206319604,
    "f1_mean": 0.8934670881894271,
    "f1_std": 0.0008835338385333953,
    "precision_mean": 0.9492358512057701,
    "precision_std": 0.0013812936876613818,
    "recall_mean": 0.8438883065455393,
    "recall_std": 0.0007223757413262822,
    "specificity_mean": 0.9657745981275393,
    "specificity_std": 0.000966149967194798,
    "roc_auc_mean": 0.9725450471956574,
    "roc_auc_std": 0.0007371606472636881,
    "avg_precision_mean": 0.9702575037752753,
    "avg_precision_std": 0.000768381505562053,
    "mcc_mean": 0.8247111835198004,
    "mcc_std": 0.0015866784375977697,
    "log_loss_mean": 0.200496482353718,
    "log_loss_std": 0.0005042439485080489,
    "brier_score_mean": 0.06282745016427377,
    "brier_score_std": 0.00033752649315815125,
    "ece_mean": 0.018954121627090193,
    "ece_std": 0.004656253159960415,
    "mce_mean": 0.09141145241930486,
    "mce_std": 0.02435083651247458,
    "best_iteration_mean": 693.0,
    "best_iteration_std": 133.02631318652712,
    "train_time_mean": 76.81928006807964,
    "train_time_std": 9.575210133878523,
    "per_seed": [
      {
        "accuracy": 0.9122588908981314,
        "balanced_accuracy": 0.9038782817223439,
        "f1": 0.8923155169225079,
        "precision": 0.9478880157170924,
        "recall": 0.8428983228511531,
        "specificity": 0.9648582405935348,
        "roc_auc": 0.9716563563714011,
        "avg_precision": 0.9693121655371832,
        "mcc": 0.8227305520676557,
        "log_loss": 0.2011043629452377,
        "brier_score": 0.06330157916297643,
        "ece": 0.013679055633604956,
        "mce": 0.06805216539274261,
        "best_iteration": 541,
        "train_time": 64.10411071777344
      },
      {
        "accuracy": 0.9132760699216396,
        "balanced_accuracy": 0.9049783690460715,
        "f1": 0.8936229205175601,
        "precision": 0.9486852433281004,
        "recall": 0.8446016771488469,
        "specificity": 0.9653550609432963,
        "roc_auc": 0.9725173966396103,
        "avg_precision": 0.9702660964794546,
        "mcc": 0.8247881827702809,
        "log_loss": 0.1998696584423151,
        "brier_score": 0.0626382131655613,
        "ece": 0.018178254660783693,
        "mce": 0.08117756950496804,
        "best_iteration": 673,
        "train_time": 79.14321565628052
      },
      {
        "accuracy": 0.9140860458107294,
        "balanced_accuracy": 0.9056377062412024,
        "f1": 0.8944628271282135,
        "precision": 0.9511342945721175,
        "recall": 0.8441649196366178,
        "specificity": 0.967110492845787,
        "roc_auc": 0.9734613885759604,
        "avg_precision": 0.971194249309188,
        "mcc": 0.8266148157214648,
        "log_loss": 0.20051542567360123,
        "brier_score": 0.06254255816428356,
        "ece": 0.02500505458688193,
        "mce": 0.12500462236020388,
        "best_iteration": 865,
        "train_time": 87.21051383018494
      }
    ]
  },
  "bootstrap_ci": {
    "accuracy": {
      "mean": 0.9140702230259192,
      "std": 0.0012315161710047113,
      "lower": 0.9116561181434599,
      "upper": 0.9164029535864979
    },
    "balanced_accuracy": {
      "mean": 0.9056156155264486,
      "std": 0.0013180056717071076,
      "lower": 0.9029772964313575,
      "upper": 0.9081905452195028
    },
    "f1": {
      "mean": 0.8944314911817137,
      "std": 0.0015673298037771287,
      "lower": 0.8912681283860664,
      "upper": 0.8974683355507198
    },
    "precision": {
      "mean": 0.951113370586643,
      "std": 0.0014930360108480541,
      "lower": 0.9479194832011935,
      "upper": 0.9538827129818659
    },
    "recall": {
      "mean": 0.8441294400807527,
      "std": 0.0024141141875705014,
      "lower": 0.8392543044071042,
      "upper": 0.8487743995538707
    },
    "specificity": {
      "mean": 0.9671017909721444,
      "std": 0.0010176049541651831,
      "lower": 0.9650566912798636,
      "upper": 0.9689759867329442
    },
    "roc_auc": {
      "mean": 0.9734638997314413,
      "std": 0.0005659786517452184,
      "lower": 0.9722858640854045,
      "upper": 0.9744876914863533
    },
    "avg_precision": {
      "mean": 0.9711923280821827,
      "std": 0.0006123927136904244,
      "lower": 0.969989623439421,
      "upper": 0.9723413970700882
    },
    "mcc": {
      "mean": 0.8265776267388685,
      "std": 0.0024304622169125417,
      "lower": 0.8216884955832293,
      "upper": 0.8312205615244904
    },
    "log_loss": {
      "mean": 0.2005039729589982,
      "std": 0.002446333976022838,
      "lower": 0.19574916691613514,
      "upper": 0.20541012909904224
    },
    "brier_score": {
      "mean": 0.06254588546769979,
      "std": 0.0008075715914853106,
      "lower": 0.06098111313944841,
      "upper": 0.06417104178366072
    },
    "ece": {
      "mean": 0.025301482639396484,
      "std": 0.001068369979911236,
      "lower": 0.02329136043244671,
      "upper": 0.027514328037445208
    },
    "mce": {
      "mean": 0.12719115203680745,
      "std": 0.011190814770722318,
      "lower": 0.10712862337163792,
      "upper": 0.1501753740833282
    }
  },
  "best_seed": 7,
  "best_metrics": {
    "accuracy": 0.9140860458107294,
    "balanced_accuracy": 0.9056377062412024,
    "f1": 0.8944628271282135,
    "precision": 0.9511342945721175,
    "recall": 0.8441649196366178,
    "specificity": 0.967110492845787,
    "roc_auc": 0.9734613885759604,
    "avg_precision": 0.971194249309188,
    "mcc": 0.8266148157214648,
    "log_loss": 0.20051542567360123,
    "brier_score": 0.06254255816428356,
    "ece": 0.02500505458688193,
    "mce": 0.12500462236020388,
    "best_iteration": 865,
    "train_time": 87.21051383018494
  },
  "reliability_diagram": {
    "bin_centers": [
      0.03333333333333333,
      0.1,
      0.16666666666666669,
      0.23333333333333334,
      0.3,
      0.3666666666666667,
      0.43333333333333335,
      0.5,
      0.5666666666666667,
      0.6333333333333333,
      0.7,
      0.7666666666666666,
      0.8333333333333334,
      0.9,
      0.9666666666666667
    ],
    "bin_accuracies": [
      0.02769447874404657,
      0.18518518518518517,
      0.275990675990676,
      0.35570469798657717,
      0.36826042726347913,
      0.4348422496570645,
      0.4984423676012461,
      0.4904214559386973,
      0.551063829787234,
      0.6166281755196305,
      0.6815789473684211,
      0.7371937639198218,
      0.811284046692607,
      0.8676092544987146,
      0.996716890426218
    ],
    "bin_confidences": [
      0.01424669474363327,
      0.09574829041957855,
      0.16422051191329956,
      0.2307000756263733,
      0.29900380969047546,
      0.3655351996421814,
      0.43291422724723816,
      0.49895229935646057,
      0.565722644329071,
      0.6331870555877686,
      0.6995218992233276,
      0.7676808834075928,
      0.8356165885925293,
      0.902470052242279,
      0.9954944252967834
    ],
    "bin_counts": [
      22676,
      3969,
      2145,
      1341,
      983,
      729,
      642,
      522,
      470,
      433,
      380,
      449,
      514,
      778,
      17057
    ],
    "n_bins": 15
  }
}