{
  "bin_centers": [
    0.03333333333333333,
    0.1,
    0.16666666666666669,
    0.23333333333333334,
    0.3,
    0.3666666666666667,
    0.43333333333333335,
    0.5,
    0.5666666666666667,
    0.6333333333333333,
    0.7,
    0.7666666666666666,
    0.8333333333333334,
    0.9,
    0.9666666666666667
  ],
  "bin_accuracies": [
    0.11170813511756049,
    0.5459459459459459,
    0.5470085470085471,
    0.5441176470588235,
    0.45454545454545453,
    0.4067796610169492,
    0.5409836065573771,
    0.4166666666666667,
    0.4523809523809524,
    0.45098039215686275,
    0.5072463768115942,
    0.6071428571428571,
    0.5376344086021505,
    0.6343283582089553,
    0.9608544511058492
  ],
  "bin_confidences": [
    0.0005632456159219146,
    0.09857701510190964,
    0.16294516623020172,
    0.2373986840248108,
    0.2974487543106079,
    0.36898094415664673,
    0.43637898564338684,
    0.49772506952285767,
    0.5640738606452942,
    0.6299212574958801,
    0.6977298259735107,
    0.7659201622009277,
    0.8361607789993286,
    0.9025444388389587,
    0.9994096159934998
  ],
  "bin_counts": [
    29219,
    185,
    117,
    68,
    66,
    59,
    61,
    60,
    42,
    51,
    69,
    56,
    93,
    134,
    19849
  ],
  "n_bins": 15
}