{
  "bin_centers": [
    0.03333333333333333,
    0.1,
    0.16666666666666669,
    0.23333333333333334,
    0.3,
    0.3666666666666667,
    0.43333333333333335,
    0.5,
    0.5666666666666667,
    0.6333333333333333,
    0.7,
    0.7666666666666666,
    0.8333333333333334,
    0.9,
    0.9666666666666667
  ],
  "bin_accuracies": [
    0.02769447874404657,
    0.18518518518518517,
    0.275990675990676,
    0.35570469798657717,
    0.36826042726347913,
    0.4348422496570645,
    0.4984423676012461,
    0.4904214559386973,
    0.551063829787234,
    0.6166281755196305,
    0.6815789473684211,
    0.7371937639198218,
    0.811284046692607,
    0.8676092544987146,
    0.996716890426218
  ],
  "bin_confidences": [
    0.01424669474363327,
    0.09574829041957855,
    0.16422051191329956,
    0.2307000756263733,
    0.29900380969047546,
    0.3655351996421814,
    0.43291422724723816,
    0.49895229935646057,
    0.565722644329071,
    0.6331870555877686,
    0.6995218992233276,
    0.7676808834075928,
    0.8356165885925293,
    0.902470052242279,
    0.9954944252967834
  ],
  "bin_counts": [
    22676,
    3969,
    2145,
    1341,
    983,
    729,
    642,
    522,
    470,
    433,
    380,
    449,
    514,
    778,
    17057
  ],
  "n_bins": 15
}