{
  "xgboost": {
    "aps_alpha0.05": {
      "alpha": 0.05,
      "method": "aps",
      "threshold": 1.0,
      "coverage": 1.0,
      "avg_set_size": 2.0,
      "frac_uncertain": 1.0,
      "single_set_coverage": 0.0,
      "nominal_coverage": 0.95,
      "coverage_gap": 0.050000000000000044
    },
    "lac_alpha0.05": {
      "alpha": 0.05,
      "method": "lac",
      "threshold": 0.7651518131075784,
      "coverage": 0.9519288728149488,
      "avg_set_size": 1.092732820976492,
      "frac_uncertain": 0.09273282097649187,
      "single_set_coverage": 0.947015467663241,
      "nominal_coverage": 0.95,
      "coverage_gap": 0.001928872814948801
    },
    "raps_alpha0.05": {
      "alpha": 0.05,
      "method": "raps",
      "threshold": 1.01,
      "coverage": 1.0,
      "avg_set_size": 2.0,
      "frac_uncertain": 1.0,
      "single_set_coverage": 0.0,
      "nominal_coverage": 0.95,
      "coverage_gap": 0.050000000000000044
    },
    "aps_alpha0.1": {
      "alpha": 0.1,
      "method": "aps",
      "threshold": 0.9999897480010986,
      "coverage": 0.9140860458107294,
      "avg_set_size": 1.0,
      "frac_uncertain": 0.0,
      "single_set_coverage": 0.9140860458107294,
      "nominal_coverage": 0.9,
      "coverage_gap": 0.014086045810729364
    },
    "lac_alpha0.1": {
      "alpha": 0.1,
      "method": "lac",
      "threshold": 0.4366713638466262,
      "coverage": 0.9140860458107294,
      "avg_set_size": 1.0,
      "frac_uncertain": 0.0,
      "single_set_coverage": 0.9140860458107294,
      "nominal_coverage": 0.9,
      "coverage_gap": 0.014086045810729364
    },
    "raps_alpha0.1": {
      "alpha": 0.1,
      "method": "raps",
      "threshold": 0.9999897480010986,
      "coverage": 0.9140860458107294,
      "avg_set_size": 1.0,
      "frac_uncertain": 0.0,
      "single_set_coverage": 0.9140860458107294,
      "nominal_coverage": 0.9,
      "coverage_gap": 0.014086045810729364
    },
    "aps_alpha0.15": {
      "alpha": 0.15,
      "method": "aps",
      "threshold": 0.9999715089797974,
      "coverage": 0.9140860458107294,
      "avg_set_size": 1.0,
      "frac_uncertain": 0.0,
      "single_set_coverage": 0.9140860458107294,
      "nominal_coverage": 0.85,
      "coverage_gap": 0.06408604581072941
    },
    "lac_alpha0.15": {
      "alpha": 0.15,
      "method": "lac",
      "threshold": 0.21981296811596396,
      "coverage": 0.9140860458107294,
      "avg_set_size": 1.0,
      "frac_uncertain": 0.0,
      "single_set_coverage": 0.9140860458107294,
      "nominal_coverage": 0.85,
      "coverage_gap": 0.06408604581072941
    },
    "raps_alpha0.15": {
      "alpha": 0.15,
      "method": "raps",
      "threshold": 0.9999715089797974,
      "coverage": 0.9140860458107294,
      "avg_set_size": 1.0,
      "frac_uncertain": 0.0,
      "single_set_coverage": 0.9140860458107294,
      "nominal_coverage": 0.85,
      "coverage_gap": 0.06408604581072941
    },
    "aps_alpha0.2": {
      "alpha": 0.2,
      "method": "aps",
      "threshold": 0.9999454021453857,
      "coverage": 0.9140860458107294,
      "avg_set_size": 1.0,
      "frac_uncertain": 0.0,
      "single_set_coverage": 0.9140860458107294,
      "nominal_coverage": 0.8,
      "coverage_gap": 0.11408604581072934
    },
    "lac_alpha0.2": {
      "alpha": 0.2,
      "method": "lac",
      "threshold": 0.1250911592862346,
      "coverage": 0.9140860458107294,
      "avg_set_size": 1.0,
      "frac_uncertain": 0.0,
      "single_set_coverage": 0.9140860458107294,
      "nominal_coverage": 0.8,
      "coverage_gap": 0.11408604581072934
    },
    "raps_alpha0.2": {
      "alpha": 0.2,
      "method": "raps",
      "threshold": 0.9999454021453857,
      "coverage": 0.9140860458107294,
      "avg_set_size": 1.0,
      "frac_uncertain": 0.0,
      "single_set_coverage": 0.9140860458107294,
      "nominal_coverage": 0.8,
      "coverage_gap": 0.11408604581072934
    },
    "tradeoff": {
      "alpha": [
        0.01,
        0.019999999999999997,
        0.03,
        0.039999999999999994,
        0.049999999999999996,
        0.05999999999999999,
        0.06999999999999999,
        0.07999999999999999,
        0.08999999999999998,
        0.09999999999999998,
        0.10999999999999997,
        0.11999999999999998,
        0.12999999999999998,
        0.13999999999999999,
        0.15,
        0.15999999999999998,
        0.16999999999999998,
        0.18,
        0.18999999999999997,
        0.19999999999999998,
        0.20999999999999996,
        0.21999999999999997,
        0.22999999999999998,
        0.23999999999999996,
        0.24999999999999997,
        0.25999999999999995,
        0.26999999999999996,
        0.27999999999999997,
        0.29,
        0.3
      ],
      "coverage": [
        1.0,
        1.0,
        1.0,
        1.0,
        1.0,
        1.0,
        1.0,
        1.0,
        0.9140860458107294,
        0.9140860458107294,
        0.9140860458107294,
        0.9140860458107294,
        0.9140860458107294,
        0.9140860458107294,
        0.9140860458107294,
        0.9140860458107294,
        0.9140860458107294,
        0.9140860458107294,
        0.9140860458107294,
        0.9140860458107294,
        0.9140860458107294,
        0.9140860458107294,
        0.9140860458107294,
        0.9140860458107294,
        0.9140860458107294,
        0.9140860458107294,
        0.9140860458107294,
        0.9140860458107294,
        0.9140860458107294,
        0.9140860458107294
      ],
      "avg_set_size": [
        2.0,
        2.0,
        2.0,
        2.0,
        2.0,
        2.0,
        2.0,
        2.0,
        1.0,
        1.0,
        1.0,
        1.0,
        1.0,
        1.0,
        1.0,
        1.0,
        1.0,
        1.0,
        1.0,
        1.0,
        1.0,
        1.0,
        1.0,
        1.0,
        1.0,
        1.0,
        1.0,
        1.0,
        1.0,
        1.0
      ],
      "accuracy_on_certain": [
        NaN,
        NaN,
        NaN,
        NaN,
        NaN,
        NaN,
        NaN,
        NaN,
        0.9140860458107294,
        0.9140860458107294,
        0.9140860458107294,
        0.9140860458107294,
        0.9140860458107294,
        0.9140860458107294,
        0.9140860458107294,
        0.9140860458107294,
        0.9140860458107294,
        0.9140860458107294,
        0.9140860458107294,
        0.9140860458107294,
        0.9140860458107294,
        0.9140860458107294,
        0.9140860458107294,
        0.9140860458107294,
        0.9140860458107294,
        0.9140860458107294,
        0.9140860458107294,
        0.9140860458107294,
        0.9140860458107294,
        0.9140860458107294
      ],
      "frac_uncertain": [
        1.0,
        1.0,
        1.0,
        1.0,
        1.0,
        1.0,
        1.0,
        1.0,
        0.0,
        0.0,
        0.0,
        0.0,
        0.0,
        0.0,
        0.0,
        0.0,
        0.0,
        0.0,
        0.0,
        0.0,
        0.0,
        0.0,
        0.0,
        0.0,
        0.0,
        0.0,
        0.0,
        0.0,
        0.0,
        0.0
      ]
    }
  }
}