{
  "xgboost": {
    "temperature": 0.8131980237467594,
    "ece_before": 0.016402562904644383,
    "ece_after": 0.03049088869325529,
    "ece_reduction_pct": -85.89100242822904,
    "mce_before": 0.08190339803695679,
    "mce_after": 0.12000413635439566,
    "brier_before": 0.07585184472368767,
    "brier_after": 0.07730997361044116
  },
  "mlp": {
    "temperature": 1.5358576774597168,
    "ece_before": 0.04536655129006772,
    "ece_after": 0.11145064637430362,
    "ece_reduction_pct": -145.66700147876782,
    "mce_before": 0.07878613471984863,
    "mce_after": 0.17290544509887695,
    "brier_before": 0.07460054010152817,
    "brier_after": 0.08651706576347351
  }
}