{
  "xgboost": {
    "overall": {
      "accuracy": 0.8873219247563181,
      "balanced_accuracy": 0.8779077235303199,
      "f1": 0.8594108987852023,
      "precision": 0.9046253656558635,
      "recall": 0.8185010482180294,
      "specificity": 0.9373143988426103,
      "roc_auc": 0.9600736302728367,
      "avg_precision": 0.9514368015742175,
      "mcc": 0.7684570697398572,
      "log_loss": 0.24935960607193394,
      "brier_score": 0.07839468564431205,
      "ece": 0.02107768510424557,
      "mce": 0.08226204407019688
    },
    "instagram": {
      "accuracy": 0.8882371102192035,
      "balanced_accuracy": 0.878690548765644,
      "f1": 0.8603856749311295,
      "precision": 0.9068524970963996,
      "recall": 0.8184486373165618,
      "specificity": 0.9389324602147263,
      "roc_auc": 0.9605943930192653,
      "avg_precision": 0.9521652299554374,
      "mcc": 0.7704244505661241,
      "log_loss": 0.24830421906830794,
      "brier_score": 0.07783473390066473,
      "ece": 0.021980665993828242,
      "mce": 0.10978987975554033
    },
    "original": {
      "accuracy": 0.88731089842544,
      "balanced_accuracy": 0.8775325643580967,
      "f1": 0.8590033662601402,
      "precision": 0.9070038457056288,
      "recall": 0.8158280922431865,
      "specificity": 0.9392370364730069,
      "roc_auc": 0.9611988843058781,
      "avg_precision": 0.9525474106563444,
      "mcc": 0.7685733208027097,
      "log_loss": 0.2476171600223481,
      "brier_score": 0.07799590325576891,
      "ece": 0.02477014829924967,
      "mce": 0.09805374680363182
    },
    "screenshot": {
      "accuracy": 0.8876196356900278,
      "balanced_accuracy": 0.8782579123979298,
      "f1": 0.8598305644185279,
      "precision": 0.9047233155823107,
      "recall": 0.8191823899371069,
      "specificity": 0.9373334348587528,
      "roc_auc": 0.9603063146416415,
      "avg_precision": 0.9516544619373697,
      "mcc": 0.7690620268070575,
      "log_loss": 0.24783216978573697,
      "brier_score": 0.07810832375837352,
      "ece": 0.01858666630397981,
      "mce": 0.0872314279819813
    },
    "whatsapp": {
      "accuracy": 0.8861200546906012,
      "balanced_accuracy": 0.8771498685996084,
      "f1": 0.8584274591512228,
      "precision": 0.8999770062083238,
      "recall": 0.8205450733752621,
      "specificity": 0.9337546638239549,
      "roc_auc": 0.9583396467458148,
      "avg_precision": 0.9495454959093803,
      "mcc": 0.7657984904841763,
      "log_loss": 0.25368487541134277,
      "brier_score": 0.07963978166244107,
      "ece": 0.019591957277633177,
      "mce": 0.09583471766833607
    }
  },
  "mlp": {
    "overall": {
      "accuracy": 0.8907400873285406,
      "balanced_accuracy": 0.885407312280537,
      "f1": 0.8677300941066542,
      "precision": 0.8843150591756224,
      "recall": 0.8517557651991614,
      "specificity": 0.9190588593619128,
      "roc_auc": 0.9630631804876923,
      "avg_precision": 0.9539541134888009,
      "mcc": 0.7751120518361224,
      "log_loss": 0.25683700368034457,
      "brier_score": 0.0759093388915062,
      "ece": 0.0389017880338194,
      "mce": 0.07991254329681396
    },
    "instagram": {
      "accuracy": 0.8917655361002073,
      "balanced_accuracy": 0.8861813607950015,
      "f1": 0.8686998394863563,
      "precision": 0.8872131147540984,
      "recall": 0.8509433962264151,
      "specificity": 0.921419325363588,
      "roc_auc": 0.9637778574337279,
      "avg_precision": 0.9549429142410996,
      "mcc": 0.7771957063235078,
      "log_loss": 0.2545848641868221,
      "brier_score": 0.07502590864896774,
      "ece": 0.037784426443875876,
      "mce": 0.07354354858398438
    },
    "original": {
      "accuracy": 0.8915891148061571,
      "balanced_accuracy": 0.8855702288520237,
      "f1": 0.8680622651637144,
      "precision": 0.8895489548954896,
      "recall": 0.8475890985324948,
      "specificity": 0.9235513591715526,
      "roc_auc": 0.964022224808247,
      "avg_precision": 0.9553928571479355,
      "mcc": 0.7768011438554315,
      "log_loss": 0.25277570184186077,
      "brier_score": 0.07488278299570084,
      "ece": 0.036408403270639614,
      "mce": 0.08152884244918823
    },
    "screenshot": {
      "accuracy": 0.8898690071891677,
      "balanced_accuracy": 0.8849170740054859,
      "f1": 0.8670747937183924,
      "precision": 0.8809085992428339,
      "recall": 0.8536687631027253,
      "specificity": 0.9161653849082464,
      "roc_auc": 0.9632845372795433,
      "avg_precision": 0.9539177811488634,
      "mcc": 0.7733822617592817,
      "log_loss": 0.2576268266287141,
      "brier_score": 0.07634604722261429,
      "ece": 0.040511912201318744,
      "mce": 0.08158737421035767
    },
    "whatsapp": {
      "accuracy": 0.8897366912186301,
      "balanced_accuracy": 0.8849605854696373,
      "f1": 0.8670919723551302,
      "precision": 0.8797195253505933,
      "recall": 0.8548218029350105,
      "specificity": 0.9150993680042641,
      "roc_auc": 0.9611440350384015,
      "avg_precision": 0.9514549778277002,
      "mcc": 0.7731460571588904,
      "log_loss": 0.2623606220639813,
      "brier_score": 0.07738260924816132,
      "ece": 0.041669428594998954,
      "mce": 0.10720741748809814
    }
  }
}