{
  "single_resnet50": {
    "accuracy": 0.9048184147076552,
    "balanced_accuracy": 0.8961019496188752,
    "f1": 0.882986360373295,
    "precision": 0.9397643811307734,
    "recall": 0.8326781970649895,
    "specificity": 0.959525702172761,
    "roc_auc": 0.9643652262487238,
    "avg_precision": 0.9627066993634197,
    "mcc": 0.8074400155251179,
    "log_loss": 0.22202492598061405,
    "brier_score": 0.06920515157044214,
    "ece": 0.011004001952264565,
    "mce": 0.05433893773698728,
    "train_time": 5.673386812210083,
    "feature_dim": 2049,
    "description": "resnet50 only + quality",
    "best_iteration": 298,
    "n_train": 247739
  },
  "single_efficientnet_b0": {
    "accuracy": 0.9013147980711271,
    "balanced_accuracy": 0.8918765116392753,
    "f1": 0.8779783393501805,
    "precision": 0.9405658965018214,
    "recall": 0.8232005590496156,
    "specificity": 0.9605524642289348,
    "roc_auc": 0.9612652670416904,
    "avg_precision": 0.9595455056985633,
    "mcc": 0.8007331242997777,
    "log_loss": 0.23194755333004247,
    "brier_score": 0.07214223166483427,
    "ece": 0.011456427587021643,
    "mce": 0.06212708485201468,
    "train_time": 5.157663822174072,
    "feature_dim": 1281,
    "description": "efficientnet_b0 only + quality",
    "best_iteration": 298,
    "n_train": 247739
  },
  "single_vit_b_16": {
    "accuracy": 0.8944205846895721,
    "balanced_accuracy": 0.8846595971665339,
    "f1": 0.8692345379464806,
    "precision": 0.9329894325637301,
    "recall": 0.8136355695317959,
    "specificity": 0.9556836248012719,
    "roc_auc": 0.9564126852296247,
    "avg_precision": 0.9550733429044344,
    "mcc": 0.7865461116535578,
    "log_loss": 0.24509511062819372,
    "brier_score": 0.076725904331344,
    "ece": 0.011416824796241822,
    "mce": 0.053168096325614256,
    "train_time": 3.3428802490234375,
    "feature_dim": 769,
    "description": "vit_b_16 only + quality",
    "best_iteration": 299,
    "n_train": 247739
  },
  "pair_resnet50_efficientnet_b0": {
    "accuracy": 0.9098101265822784,
    "balanced_accuracy": 0.9010551894847123,
    "f1": 0.8889919317444125,
    "precision": 0.9474204388219015,
    "recall": 0.8373515024458421,
    "specificity": 0.9647588765235824,
    "roc_auc": 0.9684989497798762,
    "avg_precision": 0.966394852017357,
    "mcc": 0.8179309522604503,
    "log_loss": 0.21059683096632806,
    "brier_score": 0.06571529409817423,
    "ece": 0.012082336037663934,
    "mce": 0.06169933627961277,
    "train_time": 10.462294101715088,
    "feature_dim": 3329,
    "description": "resnet50+efficientnet_b0 + quality",
    "best_iteration": 299,
    "n_train": 247739
  },
  "pair_resnet50_vit_b_16": {
    "accuracy": 0.9066644062688366,
    "balanced_accuracy": 0.8977618364757655,
    "f1": 0.8850321353163646,
    "precision": 0.9440182151165668,
    "recall": 0.83298392732355,
    "specificity": 0.962539745627981,
    "roc_auc": 0.966991841256258,
    "avg_precision": 0.9649937158656013,
    "mcc": 0.8114691288466067,
    "log_loss": 0.2153659522889455,
    "brier_score": 0.06725916482277673,
    "ece": 0.011180980537045183,
    "mce": 0.05032127229833083,
    "train_time": 8.753832817077637,
    "feature_dim": 2817,
    "description": "resnet50+vit_b_16 + quality",
    "best_iteration": 299,
    "n_train": 247739
  },
  "pair_efficientnet_b0_vit_b_16": {
    "accuracy": 0.9035751959011453,
    "balanced_accuracy": 0.8944706707262201,
    "f1": 0.8810779416889302,
    "precision": 0.9411385180405976,
    "recall": 0.8282232704402516,
    "specificity": 0.9607180710121886,
    "roc_auc": 0.9647330265025014,
    "avg_precision": 0.9626012530167312,
    "mcc": 0.8051717153400819,
    "log_loss": 0.22314148776223028,
    "brier_score": 0.06971684463375992,
    "ece": 0.012641929697993116,
    "mce": 0.046240382414064474,
    "train_time": 7.74741005897522,
    "feature_dim": 2049,
    "description": "efficientnet_b0+vit_b_16 + quality",
    "best_iteration": 299,
    "n_train": 247739
  },
  "all_no_quality": {
    "accuracy": 0.9087552742616034,
    "balanced_accuracy": 0.9000961283147744,
    "f1": 0.8878080415045395,
    "precision": 0.945069033530572,
    "recall": 0.8370894479385046,
    "specificity": 0.963102808691044,
    "roc_auc": 0.9690645993639772,
    "avg_precision": 0.9667831570547742,
    "mcc": 0.8156357266690599,
    "log_loss": 0.2097439334711485,
    "brier_score": 0.0656376937386582,
    "ece": 0.01257985238157211,
    "mce": 0.05168552779633068,
    "train_time": 16.38786292076111,
    "feature_dim": 4096,
    "description": "All backbones, no quality",
    "best_iteration": 299,
    "n_train": 247739
  },
  "all_with_quality": {
    "accuracy": 0.9084162145871006,
    "balanced_accuracy": 0.8997083237510541,
    "f1": 0.8873493975903615,
    "precision": 0.9449763126727201,
    "recall": 0.8363469601677149,
    "specificity": 0.9630696873343932,
    "roc_auc": 0.9692529655071277,
    "avg_precision": 0.9670934057201727,
    "mcc": 0.8149680767626097,
    "log_loss": 0.2089096765314888,
    "brier_score": 0.06527098599574917,
    "ece": 0.011819386513451262,
    "mce": 0.04711883866097322,
    "train_time": 14.941653490066528,
    "feature_dim": 4097,
    "description": "Full model (all + quality)",
    "best_iteration": 299,
    "n_train": 247739
  },
  "train_original_only": {
    "accuracy": 0.8888449367088608,
    "balanced_accuracy": 0.8774303923790605,
    "f1": 0.8604205596423588,
    "precision": 0.9384448686858263,
    "recall": 0.7943745632424878,
    "specificity": 0.9604862215156332,
    "roc_auc": 0.9586127694645717,
    "avg_precision": 0.9553063322801002,
    "mcc": 0.7765053862180231,
    "log_loss": 0.2504350940780845,
    "brier_score": 0.0796173403208071,
    "ece": 0.03016910819949231,
    "mce": 0.10735404810297144,
    "train_time": 7.606814622879028,
    "feature_dim": 4097,
    "description": "Train on originals only",
    "best_iteration": 296,
    "n_train": 61935
  }
}