{
  "resnet50_821": 14368.359375,
  "resnet50_1121": 5845.35498046875,
  "resnet50_491": 1593.8043212890625,
  "resnet50_1457": 1253.3077392578125,
  "efficientnet_b0_893": 961.499267578125,
  "vit_b_16_319": 909.2249145507812,
  "efficientnet_b0_523": 851.4136352539062,
  "resnet50_261": 729.0584106445312,
  "resnet50_38": 645.8533325195312,
  "resnet50_2034": 566.1693725585938,
  "efficientnet_b0_1045": 550.29833984375,
  "efficientnet_b0_117": 547.9351806640625,
  "efficientnet_b0_6": 543.5270385742188,
  "resnet50_1075": 505.28533935546875,
  "resnet50_1895": 493.39544677734375,
  "resnet50_647": 461.8114929199219,
  "resnet50_49": 458.4788513183594,
  "resnet50_1194": 453.8752746582031,
  "resnet50_1598": 437.2414855957031,
  "resnet50_679": 433.9286193847656,
  "resnet50_1148": 428.79046630859375,
  "vit_b_16_678": 341.798095703125,
  "resnet50_932": 332.47857666015625,
  "resnet50_762": 328.3903503417969,
  "resnet50_391": 327.5459289550781,
  "niqe": 312.83843994140625,
  "resnet50_53": 282.2908935546875,
  "efficientnet_b0_398": 270.1930236816406,
  "resnet50_896": 236.97520446777344,
  "vit_b_16_129": 212.05758666992188,
  "resnet50_1316": 202.16026306152344,
  "resnet50_1983": 196.85455322265625,
  "efficientnet_b0_11": 195.73187255859375,
  "vit_b_16_4": 191.39938354492188,
  "resnet50_1781": 190.91165161132812,
  "resnet50_792": 187.31764221191406,
  "vit_b_16_272": 186.51356506347656,
  "efficientnet_b0_88": 186.10585021972656,
  "resnet50_347": 180.31350708007812,
  "resnet50_1672": 180.04302978515625,
  "efficientnet_b0_41": 179.7677001953125,
  "efficientnet_b0_808": 177.71133422851562,
  "efficientnet_b0_203": 171.38314819335938,
  "efficientnet_b0_207": 167.591796875,
  "vit_b_16_393": 167.1493682861328,
  "resnet50_173": 156.57147216796875,
  "resnet50_1629": 153.1946258544922,
  "resnet50_729": 150.12322998046875,
  "resnet50_784": 148.4034423828125,
  "efficientnet_b0_313": 146.87832641601562,
  "efficientnet_b0_936": 140.789794921875,
  "efficientnet_b0_983": 139.35964965820312,
  "resnet50_598": 135.1027069091797,
  "resnet50_1891": 133.87625122070312,
  "vit_b_16_696": 133.33090209960938,
  "resnet50_775": 130.7986297607422,
  "efficientnet_b0_518": 130.77801513671875,
  "vit_b_16_292": 129.48779296875,
  "efficientnet_b0_1025": 126.45550537109375,
  "resnet50_945": 125.1017074584961,
  "efficientnet_b0_292": 123.6395492553711,
  "resnet50_1926": 120.70536804199219,
  "vit_b_16_201": 118.83202362060547,
  "resnet50_2040": 117.91857147216797,
  "resnet50_1577": 111.99817657470703,
  "resnet50_1657": 110.03535461425781,
  "resnet50_1705": 108.28470611572266,
  "resnet50_1098": 106.645751953125,
  "resnet50_1996": 106.02607727050781,
  "resnet50_534": 101.29934692382812,
  "resnet50_1945": 101.00031280517578,
  "resnet50_637": 94.22254180908203,
  "resnet50_1431": 94.16184997558594,
  "vit_b_16_84": 94.139892578125,
  "resnet50_827": 93.52496337890625,
  "resnet50_273": 91.73906707763672,
  "efficientnet_b0_149": 89.10858917236328,
  "resnet50_1450": 88.85610961914062,
  "efficientnet_b0_535": 86.67877960205078,
  "efficientnet_b0_238": 86.6380615234375,
  "efficientnet_b0_59": 85.79777526855469,
  "efficientnet_b0_1231": 84.63896179199219,
  "resnet50_456": 82.36286163330078,
  "resnet50_1574": 82.02375793457031,
  "efficientnet_b0_305": 81.9807357788086,
  "resnet50_1350": 81.46932983398438,
  "resnet50_801": 80.7697982788086,
  "efficientnet_b0_649": 80.74759674072266,
  "resnet50_790": 80.07077026367188,
  "resnet50_572": 79.61917877197266,
  "resnet50_377": 77.45911407470703,
  "efficientnet_b0_1273": 77.14107513427734,
  "resnet50_1160": 76.74028778076172,
  "vit_b_16_259": 75.8994369506836,
  "resnet50_2027": 74.42179870605469,
  "resnet50_1991": 73.37207794189453,
  "efficientnet_b0_762": 72.66761779785156,
  "resnet50_1759": 71.97819519042969,
  "resnet50_196": 71.49555206298828,
  "efficientnet_b0_841": 71.00411224365234
}