{
  "multi_seed": {
    "accuracy_mean": 0.8861898881194961,
    "accuracy_std": 0.0008538269928305935,
    "balanced_accuracy_mean": 0.8771539887464287,
    "balanced_accuracy_std": 0.0005631312731487607,
    "f1_mean": 0.8584429149751706,
    "f1_std": 0.000723867629465198,
    "precision_mean": 0.9005173608863511,
    "precision_std": 0.003131632567863716,
    "recall_mean": 0.8201345213137666,
    "recall_std": 0.001277424262226813,
    "specificity_mean": 0.9341734561790909,
    "specificity_std": 0.002399897364210476,
    "roc_auc_mean": 0.9587500749268769,
    "roc_auc_std": 0.0010892234098699917,
    "avg_precision_mean": 0.9500270303984898,
    "avg_precision_std": 0.0011470040407693814,
    "mcc_mean": 0.7659718684841076,
    "mcc_std": 0.0018741402108224806,
    "log_loss_mean": 0.2522445272383413,
    "log_loss_std": 0.00267001623716518,
    "brier_score_mean": 0.07914075731441131,
    "brier_score_std": 0.0006792034061408474,
    "ece_mean": 0.01643326327158124,
    "ece_std": 0.0033188279174262447,
    "mce_mean": 0.06729369443352333,
    "mce_std": 0.014402426689823274,
    "best_iteration_mean": 468.6666666666667,
    "best_iteration_std": 181.1488031671446,
    "train_time_mean": 94.51875392595927,
    "train_time_std": 15.432301712778333,
    "per_seed": [
      {
        "accuracy": 0.8873219247563181,
        "balanced_accuracy": 0.8779077235303199,
        "f1": 0.8594108987852023,
        "precision": 0.9046253656558635,
        "recall": 0.8185010482180294,
        "specificity": 0.9373143988426103,
        "roc_auc": 0.9600736302728367,
        "avg_precision": 0.9514368015742175,
        "mcc": 0.7684570697398572,
        "log_loss": 0.24935960607193394,
        "brier_score": 0.07839468564431205,
        "ece": 0.02107768510424557,
        "mce": 0.08226204407019688,
        "best_iteration": 717,
        "train_time": 113.3964171409607
      },
      {
        "accuracy": 0.8859877387200635,
        "balanced_accuracy": 0.8769998053297972,
        "f1": 0.8582474226804123,
        "precision": 0.8998965041398344,
        "recall": 0.8202830188679245,
        "specificity": 0.9337165917916699,
        "roc_auc": 0.9587707651209422,
        "avg_precision": 0.9500170090623883,
        "mcc": 0.7655270355752765,
        "log_loss": 0.25157715312238016,
        "brier_score": 0.07898985737317106,
        "ece": 0.01469751420263126,
        "mce": 0.07177222096978542,
        "best_iteration": 399,
        "train_time": 94.56460881233215
      },
      {
        "accuracy": 0.8852600008821064,
        "balanced_accuracy": 0.8765544373791692,
        "f1": 0.8576704234598972,
        "precision": 0.8970302128633555,
        "recall": 0.821619496855346,
        "specificity": 0.9314893779029925,
        "roc_auc": 0.9574058293868518,
        "avg_precision": 0.9486272805588635,
        "mcc": 0.7639315001371891,
        "log_loss": 0.25579682252070973,
        "brier_score": 0.08003772892575081,
        "ece": 0.013524590507866892,
        "mce": 0.047846818260587676,
        "best_iteration": 290,
        "train_time": 75.59523582458496
      }
    ]
  },
  "bootstrap_ci": {
    "accuracy": {
      "mean": 0.8872821858598332,
      "std": 0.0010272795939848302,
      "lower": 0.8853584108851938,
      "upper": 0.8893179663035329
    },
    "balanced_accuracy": {
      "mean": 0.8778637381875138,
      "std": 0.0010957464078860976,
      "lower": 0.8757804811898457,
      "upper": 0.8799809402735853
    },
    "f1": {
      "mean": 0.8593546281280213,
      "std": 0.0013513243452355937,
      "lower": 0.8567560363620504,
      "upper": 0.8619500584326433
    },
    "precision": {
      "mean": 0.904581893555278,
      "std": 0.00156042229729639,
      "lower": 0.9014486221739318,
      "upper": 0.9077889514484305
    },
    "recall": {
      "mean": 0.8184374396547136,
      "std": 0.0019265800965300684,
      "lower": 0.814570462117663,
      "upper": 0.8221522487655357
    },
    "specificity": {
      "mean": 0.9372900367203143,
      "std": 0.0010451860127760112,
      "lower": 0.9351518733308195,
      "upper": 0.9392877234846728
    },
    "roc_auc": {
      "mean": 0.960060256280135,
      "std": 0.0005601848362367952,
      "lower": 0.9590164354227968,
      "upper": 0.9611389937257198
    },
    "avg_precision": {
      "mean": 0.9514189882566563,
      "std": 0.0007269927432108177,
      "lower": 0.9499874233705637,
      "upper": 0.9528966670898769
    },
    "mcc": {
      "mean": 0.7683728890674851,
      "std": 0.002094144494923487,
      "lower": 0.7645220687389469,
      "upper": 0.7723851676362645
    },
    "log_loss": {
      "mean": 0.24940012633479317,
      "std": 0.0018433866100310825,
      "lower": 0.2456599160067766,
      "upper": 0.2529144850298575
    },
    "brier_score": {
      "mean": 0.07841128201359991,
      "std": 0.0006212391177577624,
      "lower": 0.07716781863538265,
      "upper": 0.07959503704736617
    },
    "ece": {
      "mean": 0.02120232077805952,
      "std": 0.0009066116126404986,
      "lower": 0.019444414378526762,
      "upper": 0.02294863086818344
    },
    "mce": {
      "mean": 0.08920519527711983,
      "std": 0.009355073514490431,
      "lower": 0.0738695023912544,
      "upper": 0.11115920821974154
    }
  },
  "best_seed": 42,
  "best_metrics": {
    "accuracy": 0.8873219247563181,
    "balanced_accuracy": 0.8779077235303199,
    "f1": 0.8594108987852023,
    "precision": 0.9046253656558635,
    "recall": 0.8185010482180294,
    "specificity": 0.9373143988426103,
    "roc_auc": 0.9600736302728367,
    "avg_precision": 0.9514368015742175,
    "mcc": 0.7684570697398572,
    "log_loss": 0.24935960607193394,
    "brier_score": 0.07839468564431205,
    "ece": 0.02107768510424557,
    "mce": 0.08226204407019688,
    "best_iteration": 717,
    "train_time": 113.3964171409607
  },
  "reliability_diagram": {
    "bin_centers": [
      0.03333333333333333,
      0.1,
      0.16666666666666669,
      0.23333333333333334,
      0.3,
      0.3666666666666667,
      0.43333333333333335,
      0.5,
      0.5666666666666667,
      0.6333333333333333,
      0.7,
      0.7666666666666666,
      0.8333333333333334,
      0.9,
      0.9666666666666667
    ],
    "bin_accuracies": [
      0.013823731782072935,
      0.13072625698324022,
      0.21970304975922952,
      0.2895991028875806,
      0.37560252131998517,
      0.43718361711919007,
      0.4956474428726877,
      0.5140971805638872,
      0.5429577464788733,
      0.5861049519586105,
      0.6335403726708074,
      0.6834016393442623,
      0.7865168539325843,
      0.909139497594869,
      0.9754789272030652
    ],
    "bin_confidences": [
      0.016475843265652657,
      0.09645560383796692,
      0.16452044248580933,
      0.23187512159347534,
      0.29833540320396423,
      0.36601439118385315,
      0.43217140436172485,
      0.49909695982933044,
      0.5666725039482117,
      0.6323911547660828,
      0.6989170908927917,
      0.7656636834144592,
      0.8347744941711426,
      0.9073905348777771,
      0.9857698678970337
    ],
    "bin_counts": [
      31974,
      8055,
      4984,
      3567,
      2697,
      2173,
      1838,
      1667,
      1420,
      1353,
      1127,
      976,
      890,
      1871,
      26100
    ],
    "n_bins": 15
  }
}