{
  "bin_centers": [
    0.03333333333333333,
    0.1,
    0.16666666666666669,
    0.23333333333333334,
    0.3,
    0.3666666666666667,
    0.43333333333333335,
    0.5,
    0.5666666666666667,
    0.6333333333333333,
    0.7,
    0.7666666666666666,
    0.8333333333333334,
    0.9,
    0.9666666666666667
  ],
  "bin_accuracies": [
    0.026762156049754994,
    0.19554531490015362,
    0.26499482936918306,
    0.3364451082897685,
    0.4114507520621058,
    0.4626006904487917,
    0.5027548209366391,
    0.5179750550256786,
    0.5340050377833753,
    0.5836206896551724,
    0.5994318181818182,
    0.6381647549530761,
    0.7074756229685807,
    0.8500435919790759,
    0.9726351843754555
  ],
  "bin_confidences": [
    0.013848654444558529,
    0.0963263884741935,
    0.16465517069950267,
    0.2310049428084009,
    0.29806550539646626,
    0.3659822243151064,
    0.43257225759933177,
    0.4991490911823292,
    0.5671912431338778,
    0.6338855306690979,
    0.6991194097173747,
    0.7652018612914582,
    0.8317665212752897,
    0.9044542324918982,
    0.9912925124960732
  ],
  "bin_counts": [
    37142,
    6510,
    3868,
    2678,
    2061,
    1738,
    1452,
    1363,
    1191,
    1160,
    1056,
    959,
    923,
    1147,
    27444
  ],
  "n_bins": 15
}