{
  "bin_centers": [
    0.03333333333333333,
    0.1,
    0.16666666666666669,
    0.23333333333333334,
    0.3,
    0.3666666666666667,
    0.43333333333333335,
    0.5,
    0.5666666666666667,
    0.6333333333333333,
    0.7,
    0.7666666666666666,
    0.8333333333333334,
    0.9,
    0.9666666666666667
  ],
  "bin_accuracies": [
    0.013823731782072935,
    0.13072625698324022,
    0.21970304975922952,
    0.2895991028875806,
    0.37560252131998517,
    0.43718361711919007,
    0.4956474428726877,
    0.5140971805638872,
    0.5429577464788733,
    0.5861049519586105,
    0.6335403726708074,
    0.6834016393442623,
    0.7865168539325843,
    0.909139497594869,
    0.9754789272030652
  ],
  "bin_confidences": [
    0.016475843265652657,
    0.09645560383796692,
    0.16452044248580933,
    0.23187512159347534,
    0.29833540320396423,
    0.36601439118385315,
    0.43217140436172485,
    0.49909695982933044,
    0.5666725039482117,
    0.6323911547660828,
    0.6989170908927917,
    0.7656636834144592,
    0.8347744941711426,
    0.9073905348777771,
    0.9857698678970337
  ],
  "bin_counts": [
    31974,
    8055,
    4984,
    3567,
    2697,
    2173,
    1838,
    1667,
    1420,
    1353,
    1127,
    976,
    890,
    1871,
    26100
  ],
  "n_bins": 15
}