{
  "generators": [
    "afhq",
    "big_gan",
    "celebahq",
    "cips",
    "coco",
    "cycle_gan",
    "ddpm",
    "denoising_diffusion_gan",
    "diffusion_gan",
    "face_synthetics",
    "ffhq",
    "gansformer",
    "gau_gan",
    "generative_inpainting",
    "glide",
    "imagenet",
    "lama",
    "landscape",
    "latent_diffusion",
    "lsun",
    "mat",
    "metfaces",
    "palette",
    "pro_gan",
    "projected_gan",
    "sfhq",
    "stable_diffusion",
    "star_gan",
    "stylegan1",
    "stylegan2",
    "stylegan3",
    "taming_transformer",
    "vq_diffusion"
  ],
  "display_names": [
    "AFHQ (Real)",
    "BigGAN",
    "CelebA-HQ (Real)",
    "CIPS",
    "COCO (Real)",
    "CycleGAN",
    "DDPM",
    "Denoising Diff. GAN",
    "DiffusionGAN",
    "Face Synthetics",
    "FFHQ (Real)",
    "GANsformer",
    "GauGAN",
    "Gen. Inpainting",
    "GLIDE",
    "ImageNet (Real)",
    "LaMa",
    "Landscape (Real)",
    "Latent Diffusion",
    "LSUN (Real)",
    "MAT",
    "MetFaces (Real)",
    "Palette",
    "ProGAN",
    "ProjectedGAN",
    "SFHQ (Real)",
    "Stable Diffusion",
    "StarGAN",
    "StyleGAN",
    "StyleGAN2",
    "StyleGAN3",
    "Taming Transf.",
    "VQ-Diffusion"
  ],
  "labels": [
    0,
    1,
    0,
    1,
    0,
    1,
    1,
    1,
    1,
    1,
    0,
    1,
    1,
    1,
    1,
    0,
    1,
    0,
    1,
    0,
    1,
    0,
    1,
    1,
    1,
    0,
    1,
    1,
    1,
    1,
    1,
    1,
    1
  ],
  "xgboost_rates": [
    1.0,
    0.0022,
    0.5312,
    0.2306,
    0.9988,
    0.0004,
    0.0,
    0.6592,
    0.0812,
    0.121,
    0.7416,
    0.2016,
    0.0026,
    0.0004,
    0.0028,
    0.9992,
    0.2846,
    1.0,
    0.0024,
    0.9996,
    0.3066,
    0.19011976047904192,
    0.6188,
    0.0058,
    0.0562,
    0.03,
    0.0796,
    0.6282,
    0.3492,
    0.0866,
    0.4196,
    0.212,
    0.0022
  ],
  "mlp_rates": [
    0.9998,
    0.0076,
    0.623,
    0.2554,
    0.997,
    0.005,
    0.002232142857142857,
    0.5982,
    0.0788,
    0.149,
    0.7734,
    0.1748,
    0.0062,
    0.004,
    0.0148,
    0.9976,
    0.2506,
    0.999536822603057,
    0.0054,
    0.9952,
    0.266,
    0.27694610778443113,
    0.533,
    0.012,
    0.0484,
    0.017,
    0.0766,
    0.6934,
    0.3562,
    0.094,
    0.3846,
    0.1508,
    0.0072
  ]
}