{
  "multi_seed": {
    "accuracy_mean": 0.8898579808582895,
    "accuracy_std": 0.0006988177326126407,
    "balanced_accuracy_mean": 0.8826981752375564,
    "balanced_accuracy_std": 0.00204656597445897,
    "f1_mean": 0.8648208112944378,
    "f1_std": 0.0021711808614703213,
    "precision_mean": 0.8942725662822472,
    "precision_std": 0.00992859663985287,
    "recall_mean": 0.8375174703004892,
    "recall_std": 0.012408759793744164,
    "specificity_mean": 0.9278788801746237,
    "specificity_std": 0.008525703449555905,
    "roc_auc_mean": 0.9629888874794786,
    "roc_auc_std": 5.728357213081272e-05,
    "avg_precision_mean": 0.954676763713036,
    "avg_precision_std": 0.0005111239701234761,
    "mcc_mean": 0.7734157344505187,
    "mcc_std": 0.0014795729468042567,
    "log_loss_mean": 0.2552899471625082,
    "log_loss_std": 0.0027634220291313516,
    "brier_score_mean": 0.07591707756121953,
    "brier_score_std": 0.00019149155069020672,
    "ece_mean": 0.03626257192766175,
    "ece_std": 0.0037720502079671473,
    "train_time_mean": 181.43763009707132,
    "train_time_std": 1.125052213608005,
    "per_seed": [
      {
        "accuracy": 0.8907400873285406,
        "balanced_accuracy": 0.885407312280537,
        "f1": 0.8677300941066542,
        "precision": 0.8843150591756224,
        "recall": 0.8517557651991614,
        "specificity": 0.9190588593619128,
        "roc_auc": 0.9630631804876923,
        "avg_precision": 0.9539541134888009,
        "mcc": 0.7751120518361224,
        "log_loss": 0.25683700368034457,
        "brier_score": 0.0759093388915062,
        "ece": 0.0389017880338194,
        "mce": 0.07991254329681396,
        "train_time": 181.58770036697388
      },
      {
        "accuracy": 0.8890310060424294,
        "balanced_accuracy": 0.8822256955967819,
        "f1": 0.8642165196038749,
        "precision": 0.8906780132376662,
        "recall": 0.8392819706498952,
        "specificity": 0.9251694205436686,
        "roc_auc": 0.9629237673600884,
        "avg_precision": 0.9550238038921122,
        "mcc": 0.7715066400137406,
        "log_loss": 0.25140841084945026,
        "brier_score": 0.075686514377594,
        "ece": 0.030928185186300593,
        "mce": 0.07707136869430542,
        "train_time": 179.99083590507507
      },
      {
        "accuracy": 0.889802849203899,
        "balanced_accuracy": 0.8804615178353503,
        "f1": 0.8625158201727838,
        "precision": 0.9078246264334531,
        "recall": 0.8215146750524109,
        "specificity": 0.9394083606182898,
        "roc_auc": 0.9629797145906555,
        "avg_precision": 0.9550523737581946,
        "mcc": 0.7736285115016932,
        "log_loss": 0.2576244269577298,
        "brier_score": 0.07615537941455841,
        "ece": 0.03895774256286527,
        "mce": 0.07232242822647095,
        "train_time": 182.73435401916504
      }
    ]
  },
  "bootstrap_ci": {
    "accuracy": {
      "mean": 0.8907000176421292,
      "std": 0.0010374992268271117,
      "lower": 0.8887989017774446,
      "upper": 0.892868444846293
    },
    "balanced_accuracy": {
      "mean": 0.8853660627520469,
      "std": 0.0010944127502484607,
      "lower": 0.8832644979863149,
      "upper": 0.8876566190812581
    },
    "f1": {
      "mean": 0.8676779193330821,
      "std": 0.0013284243752692858,
      "lower": 0.8650922565572277,
      "upper": 0.8704319128332915
    },
    "precision": {
      "mean": 0.8842577047230656,
      "std": 0.0016443154991047054,
      "lower": 0.881104845288044,
      "upper": 0.8872926682484576
    },
    "recall": {
      "mean": 0.8517113296521125,
      "std": 0.0018410849660079032,
      "lower": 0.8480678653482799,
      "upper": 0.8553737036548401
    },
    "specificity": {
      "mean": 0.9190207958519814,
      "std": 0.0011706390341864944,
      "lower": 0.9167013556763399,
      "upper": 0.9212389116653047
    },
    "roc_auc": {
      "mean": 0.9630436743746598,
      "std": 0.0005341809167452984,
      "lower": 0.9620039356259756,
      "upper": 0.9641200124742882
    },
    "avg_precision": {
      "mean": 0.9539300069991543,
      "std": 0.0007229288403087688,
      "lower": 0.9525231433977658,
      "upper": 0.9553974311868026
    },
    "mcc": {
      "mean": 0.7750279235881103,
      "std": 0.002135153504433979,
      "lower": 0.7710538341999184,
      "upper": 0.7793273166719201
    },
    "log_loss": {
      "mean": 0.2568949647619424,
      "std": 0.0013710441537159571,
      "lower": 0.25407146861253393,
      "upper": 0.2595147840975375
    },
    "brier_score": {
      "mean": 0.0759317704886198,
      "std": 0.0005282337963944101,
      "lower": 0.07483096364885569,
      "upper": 0.07691903710365296
    },
    "ece": {
      "mean": 0.039071989768946394,
      "std": 0.0008799291905419933,
      "lower": 0.037444983000263,
      "upper": 0.04076206816067953
    },
    "mce": {
      "mean": 0.08187907934188843,
      "std": 0.008276009000837803,
      "lower": 0.06527405977249146,
      "upper": 0.09777308255434036
    }
  },
  "best_seed": 42,
  "best_metrics": {
    "accuracy": 0.8907400873285406,
    "balanced_accuracy": 0.885407312280537,
    "f1": 0.8677300941066542,
    "precision": 0.8843150591756224,
    "recall": 0.8517557651991614,
    "specificity": 0.9190588593619128,
    "roc_auc": 0.9630631804876923,
    "avg_precision": 0.9539541134888009,
    "mcc": 0.7751120518361224,
    "log_loss": 0.25683700368034457,
    "brier_score": 0.0759093388915062,
    "ece": 0.0389017880338194,
    "mce": 0.07991254329681396,
    "train_time": 181.58770036697388
  },
  "total_params": 4856321
}