{
  "bin_centers": [
    0.03333333333333333,
    0.1,
    0.16666666666666669,
    0.23333333333333334,
    0.3,
    0.3666666666666667,
    0.43333333333333335,
    0.5,
    0.5666666666666667,
    0.6333333333333333,
    0.7,
    0.7666666666666666,
    0.8333333333333334,
    0.9,
    0.9666666666666667
  ],
  "bin_accuracies": [
    0.0,
    0.0015845851739868522,
    0.015231647528707981,
    0.07873376458883286,
    0.18858195841312408,
    0.2799733579158783,
    0.3745843172073364,
    0.48513901233673096,
    0.5716482996940613,
    0.6215609312057495,
    0.8274894952774048,
    0.9363459944725037,
    0.9572556614875793,
    0.9991268515586853,
    1.0
  ],
  "bin_confidences": [
    0.05831556394696236,
    0.11101800203323364,
    0.1616133749485016,
    0.23145614564418793,
    0.29881900548934937,
    0.36554571986198425,
    0.43275606632232666,
    0.4998381435871124,
    0.5649817585945129,
    0.6254259347915649,
    0.700171947479248,
    0.7767559289932251,
    0.8360356092453003,
    0.8988463282585144,
    0.9375153183937073
  ],
  "bin_counts": [
    338,
    15777,
    14181,
    7392,
    5430,
    4504,
    4210,
    4172,
    3901,
    1781,
    713,
    2058,
    14692,
    11453,
    90
  ],
  "n_bins": 15
}