{
  "bin_centers": [
    0.03333333333333333,
    0.1,
    0.16666666666666669,
    0.23333333333333334,
    0.3,
    0.3666666666666667,
    0.43333333333333335,
    0.5,
    0.5666666666666667,
    0.6333333333333333,
    0.7,
    0.7666666666666666,
    0.8333333333333334,
    0.9,
    0.9666666666666667
  ],
  "bin_accuracies": [
    0.0017229336081072688,
    0.03283240646123886,
    0.11554122716188431,
    0.2075471729040146,
    0.2800982892513275,
    0.3577917516231537,
    0.3962814509868622,
    0.4862687587738037,
    0.5572267174720764,
    0.5806589722633362,
    0.6273241639137268,
    0.8034188151359558,
    0.919268012046814,
    0.9457656145095825,
    0.9942145347595215
  ],
  "bin_confidences": [
    0.0443115234375,
    0.09356689453125,
    0.1640625,
    0.232177734375,
    0.298828125,
    0.3662109375,
    0.4326171875,
    0.499755859375,
    0.56640625,
    0.630859375,
    0.693359375,
    0.76708984375,
    0.83935546875,
    0.9130859375,
    0.958984375
  ],
  "bin_counts": [
    21475,
    12244,
    5894,
    4081,
    3256,
    2862,
    2743,
    2731,
    2726,
    2337,
    1237,
    585,
    929,
    11690,
    15902
  ],
  "n_bins": 15
}