{
  "train_loss": [
    0.38294586224051624,
    0.3571722602041868,
    0.3246069117807425,
    0.3001065099468598,
    0.2689124865887257,
    0.27052702109974164,
    0.2760274109358971,
    0.24693921079429296,
    0.25444074304631126,
    0.24167998851491854,
    0.23521497888633838,
    0.24400191768430746,
    0.22321927948639944,
    0.23299583262548998,
    0.2454098305450036,
    0.24922785449486512,
    0.2137494913947124,
    0.22279530935562575,
    0.22948339251944652,
    0.23692450070610413,
    0.24475913817206255,
    0.22957883323900974,
    0.21860088329189098,
    0.21650302402961713,
    0.21231018314854458,
    0.2404501698194788,
    0.20570590261083382,
    0.2110123632905575,
    0.21755373169882938,
    0.21404522385161656,
    0.2199265474740129,
    0.21228624471964744,
    0.2203738117017425,
    0.20082977378311065,
    0.23487690986635593,
    0.20738197712657544
  ],
  "val_loss": [
    0.2538127936186215,
    0.24566211798027862,
    0.2703367230247761,
    0.26821164590166585,
    0.27882297340210005,
    0.28462192729567676,
    0.2703027387025412,
    0.27764338343262923,
    0.27863238189282685,
    0.28070899593889,
    0.27665885721366845,
    0.28434626216524994,
    0.2900731439058766,
    0.27717438413799017,
    0.2768858426376052,
    0.2791403805444,
    0.28022261934542875,
    0.27899060471426373,
    0.2755503292729843,
    0.2760354577443426,
    0.2721872147995566,
    0.27414472656680733,
    0.2732820835598102,
    0.27891047941435365,
    0.2744832372026033,
    0.2687573417779334,
    0.2683240566442109,
    0.2789748743039752,
    0.26989522077874056,
    0.27414413430611684,
    0.27722581508046906,
    0.2704465602936674,
    0.269895677929961,
    0.27360505509225097,
    0.276976617861568,
    0.27312076621772374
  ],
  "val_auc": [
    0.9642739238783142,
    0.9632265729117377,
    0.9558704066027519,
    0.9548591859124669,
    0.9474619543531061,
    0.9488340517581998,
    0.9540363757678045,
    0.9515670199014554,
    0.9494637266633398,
    0.9487603504246672,
    0.9528138791187177,
    0.9504903708937344,
    0.9466559119951838,
    0.9512663838445591,
    0.9518399960073205,
    0.9517621574174118,
    0.9480176994352139,
    0.9497103147264256,
    0.9520825121680137,
    0.9494829302579005,
    0.9550050926717492,
    0.9517419770052956,
    0.9504199671924999,
    0.9496681960795912,
    0.9525230027563216,
    0.9547763764287278,
    0.9558042788480267,
    0.9492150869341682,
    0.9547330834057315,
    0.9521732162632959,
    0.9513129959519244,
    0.954367915278967,
    0.9548561664087628,
    0.9530400839727846,
    0.9515848069110072,
    0.9529537960108008
  ],
  "lr": [
    0.0009979871469976197,
    0.0009919647942993148,
    0.0009819814303479266,
    0.0009681174353198686,
    0.0009504844339512095,
    0.000929224396800933,
    0.0009045084971874736,
    0.0008765357330018054,
    0.0008455313244934323,
    0.0008117449009293667,
    0.0007754484907260511,
    0.0007369343312364992,
    0.0006965125158269617,
    0.0006545084971874735,
    0.000611260466978157,
    0.0005671166329088276,
    0.0005224324151752573,
    0.00047756758482474243,
    0.0004328833670911722,
    0.00038873953302184273,
    0.0003454915028125262,
    0.00030348748417303827,
    0.0002630656687635006,
    0.00022455150927394875,
    0.00018825509907063323,
    0.0001544686755065677,
    0.00012346426699819455,
    9.549150281252631e-05,
    7.077560319906693e-05,
    4.951556604879047e-05,
    3.188256468013139e-05,
    1.8018569652073372e-05,
    8.035205700685162e-06,
    2.012853002380465e-06,
    0.0,
    1.2235870926211619e-06
  ]
}